{
  "train": {
    "accuracy": 0.9741602067183462,
    "precision": 0.9742556430684262,
    "recall": 0.9741602067183462,
    "f1_score": 0.9740987177379583
  },
  "val": {
    "accuracy": 0.5221238938053098,
    "precision": 0.5106254365103923,
    "recall": 0.5221238938053098,
    "f1_score": 0.515326580180663
  },
  "test": {
    "accuracy": 0.6088888888888889,
    "precision": 0.6100407233600511,
    "recall": 0.6088888888888889,
    "f1_score": 0.6065960697539645
  }
}