{
  "train": {
    "accuracy": 0.9456625357483317,
    "precision": 0.9468869682775741,
    "recall": 0.9456625357483317,
    "f1_score": 0.9447552081302872
  },
  "val": {
    "accuracy": 0.5619469026548672,
    "precision": 0.5718480634409839,
    "recall": 0.5619469026548672,
    "f1_score": 0.5259106643685819
  },
  "test": {
    "accuracy": 0.6266666666666667,
    "precision": 0.575465206805413,
    "recall": 0.6266666666666667,
    "f1_score": 0.5903171950407312
  }
}