{
  "train": {
    "accuracy": 0.9752144899904671,
    "precision": 0.9753387616810689,
    "recall": 0.9752144899904671,
    "f1_score": 0.9751150023900439
  },
  "val": {
    "accuracy": 0.5265486725663717,
    "precision": 0.4930311655990936,
    "recall": 0.5265486725663717,
    "f1_score": 0.5054335338837609
  },
  "test": {
    "accuracy": 0.6177777777777778,
    "precision": 0.5977800106326424,
    "recall": 0.6177777777777778,
    "f1_score": 0.6025022645059303
  }
}